{
    "play-loading-outer": {
        "r": 76,
        "g": 76,
        "b": 0,
        "a": 255
    },
    "play-loading-center": {
        "r": 76,
        "g": 76,
        "b": 0,
        "a": 255
    },
    "play-loading-inner": {
        "r": 127,
        "g": 127,
        "b": 0,
        "a": 255
    },
    "play-loading-progress": {
        "r": 255,
        "g": 70,
        "b": 0,
        "a": 255
    },
    "info-description-bg": {
        "r": 0,
        "g": 0,
        "b": 0,
        "a": 90
    },
    "edit-description-bg": {
        "r": 0,
        "g": 0,
        "b": 0,
        "a": 100
    },
    "edit-name-bg": {
        "r": 0,
        "g": 0,
        "b": 0,
        "a": 150
    },
    "level-search-bg": {
        "r": 0,
        "g": 0,
        "b": 0,
        "a": 120
    },
    "level-search-bar-bg": {
        "r": 0,
        "g": 0,
        "b": 0,
        "a": 120
    },
    "quick-search-bg": {
        "r": 0,
        "g": 0,
        "b": 0,
        "a": 120
    },
    "difficulty-filters-bg": {
        "r": 0,
        "g": 0,
        "b": 0,
        "a": 120
    },
    "length-filters-bg": {
        "r": 0,
        "g": 0,
        "b": 0,
        "a": 120
    },
    "comment-list-layer-bg": {
        "r": 51,
        "g": 14,
        "b": 0,
        "a": 255
    },
    "comment-list-outline-brown": {
        "r": 76,
        "g": 21,
        "b": 0,
        "a": 255
    },
    "comment-list-outline-blue": {
        "r": 76,
        "g": 76,
        "b": 0,
        "a": 255
    },
    "chest-opened-overlay": {
        "r": 255,
        "g": 255,
        "b": 255,
        "a": 0
    },
    "25-chest-opened-overlay": {
        "r": 255,
        "g": 255,
        "b": 255,
        "a": 0
    },
    "50-chest-opened-overlay": {
        "r": 255,
        "g": 255,
        "b": 255,
        "a": 0
    },
    "100-chest-opened-overlay": {
        "r": 255,
        "g": 255,
        "b": 255,
        "a": 0
    },
    "comment-cell-odd": {
        "r": 102,
        "g": 28,
        "b": 0,
        "a": 255
    },
    "comment-cell-even": {
        "r": 102,
        "g": 102,
        "b": 0,
        "a": 255
    },
    "comment-cell-small-odd": {
        "r": 102,
        "g": 28,
        "b": 0,
        "a": 255
    },
    "comment-cell-small-even": {
        "r": 102,
        "g": 102,
        "b": 0,
        "a": 255
    },
    "comment-cell-bg-odd": {
        "r": 102,
        "g": 28,
        "b": 0,
        "a": 255
    },
    "comment-cell-bg-even": {
        "r": 102,
        "g": 102,
        "b": 0,
        "a": 255
    },
    "list-layer-bg": {
        "r": 0,
        "g": 0,
        "b": 0,
        "a": 20
    },
    "list-cell-odd": {
        "r": 0,
        "g": 0,
        "b": 0,
        "a": 50
    },
    "list-cell-even": {
        "r": 0,
        "g": 0,
        "b": 0,
        "a": 90
    },
    "list-cell-selected": {
        "r": 0,
        "g": 0,
        "b": 0,
        "a": 200
    },
    "main-menu-bg": {
        "r": 127,
        "g": 35,
        "b": 0,
        "a": 255
    },
    "main-menu-ground": {
        "r": 102,
        "g": 102,
        "b": 0,
        "a": 255
    },
    "background": {
        "r": 102,
        "g": 102,
        "b": 0,
        "a": 255
    }
}