{
    "children": {
        "node": {
            "bg-texture": {
                "attributes": {
                    "sprite": "LoadingLayerBG.png",
                    "color": {
                        "r": 255,
                        "g": 255,
                        "b": 255
                    },
                    "scale": {
                        "fit": {
                            "relative": "screen"
                        }
                    }
                }
            }
        }
    }
}